total,pde,data,ic,bc,amplitude,pde_weight,lr
91.93160247802734,0.0,0.9102969169616699,0.7990077137947083,0.9865829348564148,0.9107552766799927,0.0,0.001
68.20386505126953,0.0,0.675057053565979,0.653111457824707,0.7297168374061584,0.6743022203445435,0.0,0.001
48.69904708862305,0.0,0.48152875900268555,0.5275942087173462,0.5551222562789917,0.4811531603336334,0.0,0.001
36.19614028930664,0.0,0.35801059007644653,0.3763822913169861,0.40664008259773254,0.3570791482925415,0.0,0.001
26.636383056640625,0.0,0.26313912868499756,0.30638086795806885,0.33331814408302307,0.2621306777000427,0.0,0.001
20.286470413208008,0.0,0.200369730591774,0.2468300610780716,0.24818527698516846,0.19901351630687714,0.0,0.001
15.515569686889648,0.0,0.15323850512504578,0.18146497011184692,0.19893378019332886,0.1518988162279129,0.0,0.001
12.395210266113281,0.0,0.12241110950708389,0.14298030734062195,0.16279755532741547,0.12097954005002975,0.0,0.001
10.045974731445312,0.0,0.09922638535499573,0.1165219098329544,0.12819215655326843,0.09782543033361435,0.0,0.001
8.131967544555664,0.0,0.08034181594848633,0.09363630414009094,0.100355364382267,0.07904424518346786,0.0,0.001
6.755210876464844,0.0,0.06673604249954224,0.07491308450698853,0.08698799461126328,0.06561599671840668,0.0,0.001
5.707148551940918,0.0,0.05638427287340164,0.06401468068361282,0.07232625782489777,0.05505678802728653,0.0,0.001
4.8038763999938965,0.0,0.04746890440583229,0.05465729907155037,0.05839011073112488,0.046270739287137985,0.0,0.001
4.091048717498779,0.0,0.0404391773045063,0.045439478009939194,0.048041801899671555,0.039073456078767776,0.0,0.001
3.542593240737915,0.0,0.035007912665605545,0.0391770638525486,0.043752409517765045,0.03374777361750603,0.0,0.001
3.079699993133545,0.0,0.030418209731578827,0.03462919965386391,0.04055074602365494,0.02889345772564411,0.0,0.001
2.6501340866088867,0.0,0.026169536635279655,0.032288558781147,0.0335770919919014,0.024769078940153122,0.0,0.001
2.3457069396972656,0.0,0.02315933257341385,0.029666712507605553,0.029444023966789246,0.021814705803990364,0.0,0.001
2.0121545791625977,0.0,0.01986447162926197,0.025041058659553528,0.026003118604421616,0.01852356642484665,0.0,0.001
1.7662476301193237,0.0,0.017442166805267334,0.021620232611894608,0.022116197273135185,0.016269544139504433,0.0,0.001
1.5432047843933105,0.0,0.01523612067103386,0.018913453444838524,0.019987409934401512,0.014232230372726917,0.0,0.001
1.3655741214752197,0.0,0.0134858014062047,0.017237387597560883,0.016499478369951248,0.01255021058022976,0.0,0.001
1.1844617128372192,0.0,0.01169173326343298,0.015170983038842678,0.015188132412731647,0.010865960270166397,0.0,0.001
1.0583045482635498,0.0,0.01045011356472969,0.013704597018659115,0.012688204646110535,0.00968262366950512,0.0,0.001
0.9599274396896362,0.0,0.00947833526879549,0.012098768725991249,0.011917266994714737,0.008586679585278034,0.0,0.001
0.8668021559715271,0.0,0.008560089394450188,0.010956410318613052,0.010473680682480335,0.007813245989382267,0.0,0.001
0.7718474268913269,0.0,0.007624207064509392,0.009216810576617718,0.009497525170445442,0.006957252509891987,0.0,0.001
0.7065974473953247,0.0,0.006974311079829931,0.009461797773838043,0.008744428865611553,0.00632585771381855,0.0,0.001
0.640834629535675,0.0,0.006325464695692062,0.008193586021661758,0.0082672368735075,0.005768812261521816,0.0,0.001
0.5797824859619141,0.0,0.005722645204514265,0.007667505647987127,0.007264746818691492,0.005186588037759066,0.0,0.001
0.5380802154541016,0.0,0.005313426721841097,0.006780590396374464,0.006595504470169544,0.004948328249156475,0.0,0.001
0.5013759732246399,0.0,0.004951772280037403,0.006322972010821104,0.005981938447803259,0.004624485038220882,0.0,0.001
0.47071272134780884,0.0,0.004648194648325443,0.005987124517560005,0.005712586920708418,0.004341974388808012,0.0,0.001
0.4366286098957062,0.0,0.004311888944357634,0.0055402242578566074,0.005258031189441681,0.004057658836245537,0.0,0.001
0.40829920768737793,0.0,0.0040316530503332615,0.005258585326373577,0.004932936746627092,0.003816033713519573,0.0,0.001
0.38306766748428345,0.0,0.00378228141926229,0.004797583911567926,0.0048090373165905476,0.0036247139796614647,0.0,0.001
0.367565780878067,0.0,0.0036301843356341124,0.004665245767682791,0.004359662998467684,0.003490220522508025,0.0,0.001
0.3417978882789612,0.0,0.00337697914801538,0.004251257516443729,0.00388128194026649,0.00336954346857965,0.0,0.001
0.32564693689346313,0.0,0.0032168622128665447,0.004073427990078926,0.0037829719949513674,0.0032513728365302086,0.0,0.001
0.3071778118610382,0.0,0.0030342149548232555,0.0038973502814769745,0.003552607726305723,0.0031330634374171495,0.0,0.001
0.2860928773880005,0.0,0.0028249023016542196,0.0036611277610063553,0.0034835769329220057,0.0030268069822341204,0.0,0.001
0.27694034576416016,0.0,0.0027339032385498285,0.0037556092720478773,0.0032844911329448223,0.0029964828863739967,0.0,0.001
0.25925663113594055,0.0,0.0025576187763363123,0.0037841140292584896,0.0031483923085033894,0.0028494694270193577,0.0,0.001
0.2536732852458954,0.0,0.0025043438654392958,0.0034354247618466616,0.002986312611028552,0.0028018439188599586,0.0,0.001
0.24351871013641357,0.0,0.002403870690613985,0.0032133732456713915,0.0029942055698484182,0.002785645192489028,0.0,0.001
0.23235632479190826,0.0,0.0022942936047911644,0.0030697258189320564,0.0027288475539535284,0.0027666843961924314,0.0,0.001
0.22002893686294556,0.0,0.0021709913853555918,0.003022074466571212,0.0027833920903503895,0.002706069964915514,0.0,0.001
0.21195665001869202,0.0,0.002090529538691044,0.0030676808673888445,0.002686790656298399,0.002646351233124733,0.0,0.001
0.20512472093105316,0.0,0.0020242882892489433,0.0028316110838204622,0.002507308963686228,0.0026429470162838697,0.0,0.001
0.1961609572172165,0.0,0.001935439184308052,0.0027028927579522133,0.002479704562574625,0.002574235899373889,0.0,0.001
0.1867453157901764,0.0,0.0018420079723000526,0.0026557729579508305,0.0023821580689400434,0.0025557088665664196,0.0,0.001
0.18256431818008423,0.0,0.0018011103384196758,0.002621216932311654,0.0022347229532897472,0.0025318108964711428,0.0,0.001
0.18091464042663574,0.0,0.0017846558475866914,0.002636507386341691,0.0022116415202617645,0.0024967100471258163,0.0,0.001
0.168336421251297,0.0,0.0016608881996944547,0.0023412383161485195,0.002104562008753419,0.0024703170638531446,0.0,0.001
0.16915763914585114,0.0,0.00166892702691257,0.002353099873289466,0.00212769559584558,0.002452513901516795,0.0,0.001
0.15955287218093872,0.0,0.0015732577303424478,0.0023888202849775553,0.002017783233895898,0.0023786225356161594,0.0,0.001
0.15644648671150208,0.0,0.0015430408529937267,0.0023154588416218758,0.001920364680700004,0.002447941806167364,0.0,0.001
0.15324273705482483,0.0,0.0015114538837224245,0.0021520464215427637,0.0019946880638599396,0.00239742873236537,0.0,0.001
0.14805415272712708,0.0,0.001460003200918436,0.0021730256266891956,0.0018870779313147068,0.0023770066909492016,0.0,0.001
0.14497479796409607,0.0,0.0014288013335317373,0.00215733889490366,0.0019842565525323153,0.002386515261605382,0.0,0.001
0.1421792060136795,0.0,0.0014022979885339737,0.002084020059555769,0.001768025802448392,0.0023387486580759287,0.0,0.001
0.1396261602640152,0.0,0.0013772085076197982,0.0020360632333904505,0.0017282858025282621,0.0023122087586671114,0.0,0.001
0.13673342764377594,0.0,0.001348585938103497,0.0020140931010246277,0.0016891546547412872,0.0023208539932966232,0.0,0.001
0.1322914958000183,0.0,0.0013042514910921454,0.0019286294700577855,0.0017580304993316531,0.0023003057576715946,0.0,0.001
0.1258690059185028,0.0,0.0012410491472110152,0.0018313740147277713,0.0016517597250640392,0.0022510678973048925,0.0,0.001
0.1251748502254486,0.0,0.001233791233971715,0.0019030708353966475,0.001642510760575533,0.0022930947598069906,0.0,0.001
0.12088003009557724,0.0,0.0011910208268091083,0.0018211266724392772,0.0016896560555323958,0.0022552148438990116,0.0,0.001
0.12009414285421371,0.0,0.0011840155348181725,0.0016738632693886757,0.0016661598347127438,0.0022572986781597137,0.0,0.001
0.11724494397640228,0.0,0.00115590775385499,0.0016889312537387013,0.001574280089698732,0.002256544306874275,0.0,0.001
0.1159101352095604,0.0,0.0011424742406234145,0.0016929745906963944,0.0015871096402406693,0.002266225405037403,0.0,0.001
0.11171942949295044,0.0,0.001101503148674965,0.0016248985193669796,0.0014688839437440038,0.0022228285670280457,0.0,0.001
0.11078229546546936,0.0,0.0010921407956629992,0.001585307763889432,0.0015070890076458454,0.0022014686837792397,0.0,0.001
0.10794426500797272,0.0,0.0010634842328727245,0.0017424197867512703,0.0014049329329282045,0.0022166690323501825,0.0,0.001
0.10647036880254745,0.0,0.0010491267312318087,0.0016539439093321562,0.0014174900716170669,0.0021981450263410807,0.0,0.001
0.10427025705575943,0.0,0.0010271230712532997,0.0016200138488784432,0.0014518328243866563,0.0022032454144209623,0.0,0.001
0.1053139865398407,0.0,0.001038252143189311,0.0015693813329562545,0.0013650914188474417,0.0021537968423217535,0.0,0.001
0.1027471050620079,0.0,0.0010126590495929122,0.0015635226154699922,0.0013557125348597765,0.0021587596274912357,0.0,0.001
0.09802502393722534,0.0,0.0009657060145400465,0.0014797901967540383,0.0013853688724339008,0.0021840159315615892,0.0,0.001
0.09991082549095154,0.0,0.0009846894536167383,0.0015275703044608235,0.0013118275674059987,0.0022180720698088408,0.0,0.001
0.09599306434392929,0.0,0.0009460635483264923,0.001514045288786292,0.0012160618789494038,0.0021653648000210524,0.0,0.001
0.09482645988464355,0.0,0.0009343104320578277,0.0014794698217883706,0.0012690626317635179,0.002115204930305481,0.0,0.001
0.09592451900243759,0.0,0.0009456902043893933,0.0014547083992511034,0.0012136618606746197,0.0021312476601451635,0.0,0.001
0.09329227358102798,0.0,0.0009194742888212204,0.0014181548031046987,0.0012289611622691154,0.002128912601619959,0.0,0.001
0.09440279006958008,0.0,0.0009303729748353362,0.0013352598762139678,0.0013530041323974729,0.0021353440824896097,0.0,0.001
0.09081458300352097,0.0,0.0008949535549618304,0.001356426510028541,0.0012395370285958052,0.002124854363501072,0.0,0.001
0.08887505531311035,0.0,0.0008756325696595013,0.001370299607515335,0.0012113599805161357,0.002097616670653224,0.0,0.001
0.08900447934865952,0.0,0.0008776183822192252,0.0013036447344347835,0.001138959894888103,0.002133679110556841,0.0,0.001
0.08445043116807938,0.0,0.000832144170999527,0.001298326998949051,0.0011315301526337862,0.0021082174498587847,0.0,0.001
0.0858023464679718,0.0,0.0008458181982859969,0.001255476614460349,0.001142227789387107,0.002166258404031396,0.0,0.001
0.08528544753789902,0.0,0.0008407575078308582,0.0012254698667675257,0.0011514194775372744,0.0021254431921988726,0.0,0.001
0.0826231986284256,0.0,0.0008136872202157974,0.0012524011544883251,0.0012149005196988583,0.0020826521795243025,0.0,0.001
0.08401116728782654,0.0,0.0008279362227767706,0.001291954074986279,0.0011000718222931027,0.0021525726187974215,0.0,0.001
0.08253929018974304,0.0,0.0008136422839015722,0.0012380473781377077,0.0010698828846216202,0.0021090006921440363,0.0,0.001
0.08261717855930328,0.0,0.0008138398407027125,0.0012317278888076544,0.0011923337588086724,0.0021169474348425865,0.0,0.001
0.07928705960512161,0.0,0.000781361130066216,0.001240026205778122,0.0010192602640017867,0.0021298788487911224,0.0,0.001
0.0798661857843399,0.0,0.0007872481946833432,0.0012365716975182295,0.001004075282253325,0.002104939427226782,0.0,0.001
0.07701157033443451,0.0,0.00075844197999686,0.0012286684941500425,0.0010637401137501001,0.002116685500368476,0.0,0.001
0.07705840468406677,0.0,0.000759793387260288,0.0010939353378489614,0.0010215705260634422,0.0021313840989023447,0.0,0.001
0.07657687366008759,0.0,0.000754684500861913,0.001168339280411601,0.0010062638903036714,0.0021124223712831736,0.0,0.001
0.07648827135562897,0.0,0.0007541864761151373,0.001040537841618061,0.0010567118879407644,0.0020997305400669575,0.0,0.001
0.07657191157341003,0.0,0.0007553333416581154,0.0010891783749684691,0.0009460347355343401,0.0020970292389392853,0.0,0.001
0.0732789859175682,0.0,0.0007219676626846194,0.001148683251813054,0.0009742043330334127,0.0020772558636963367,0.0,0.001
0.07241100072860718,0.0,0.0007132475730031729,0.0011476811487227678,0.0009826442692428827,0.0021078812424093485,0.0,0.001
0.07118582725524902,0.0,0.0007017449825070798,0.0010854080319404602,0.0008951140916906297,0.002106699161231518,0.0,0.001
0.07112057507038116,0.0,0.000700622156728059,0.0011075534857809544,0.0009671085281297565,0.002102517755702138,0.0,0.001
0.06843477487564087,0.0,0.0006739827804267406,0.00110623799264431,0.0009249940048903227,0.0020881290547549725,0.0,0.001
0.06880807876586914,0.0,0.0006778956740163267,0.0010653722565621138,0.0009302679682150483,0.0020686700008809566,0.0,0.001
0.07030676305294037,0.0,0.0006930733215995133,0.001042142161168158,0.000914262724108994,0.0021225230302661657,0.0,0.001
0.06746157258749008,0.0,0.0006647998234257102,0.001041801879182458,0.0008795453468337655,0.0020924543496221304,0.0,0.001
0.06481537222862244,0.0,0.0006383678992278874,0.001003922545351088,0.0009113699779845774,0.0020935286302119493,0.0,0.001
0.06465033441781998,0.0,0.0006371530471369624,0.0009751378674991429,0.0008533866493962705,0.002077205805107951,0.0,0.001
0.06649575382471085,0.0,0.000655496260151267,0.0009812815114855766,0.0008691631373949349,0.0020896168425679207,0.0,0.001
0.06468602269887924,0.0,0.0006370296468958259,0.000998772564344108,0.0009255869663320482,0.002088204026222229,0.0,0.001
0.06343704462051392,0.0,0.0006249388679862022,0.0010183803969994187,0.0008253869018517435,0.002126891165971756,0.0,0.001
0.06337784975767136,0.0,0.000624479609541595,0.0009755559149198234,0.0008426412823610008,0.002078940626233816,0.0,0.001
0.06454651802778244,0.0,0.0006356988451443613,0.0010156454518437386,0.0008960313280113041,0.00207941560074687,0.0,0.001
0.06177469342947006,0.0,0.0006084017804823816,0.0009978101588785648,0.0008297404274344444,0.002073722891509533,0.0,0.001
0.06051601096987724,0.0,0.0005960366106592119,0.0009145678486675024,0.0008677252917550504,0.0021203637588769197,0.0,0.001
0.062282007187604904,0.0,0.0006136154406704009,0.0009212104487232864,0.0008775381138548255,0.002109018387272954,0.0,0.001
0.06016523018479347,0.0,0.0005927680758759379,0.0009238258353434503,0.0008118709665723145,0.002057307865470648,0.0,0.001
0.05952806770801544,0.0,0.0005861209938302636,0.000972742447629571,0.0008171260706149042,0.0021034027449786663,0.0,0.001
0.05897833779454231,0.0,0.000580643187277019,0.0009640033822506666,0.0008230781531892717,0.002047684509307146,0.0,0.001
0.05860835686326027,0.0,0.0005773337907157838,0.0009046545601449907,0.0008032768382690847,0.002101230900734663,0.0,0.001
0.05939158797264099,0.0,0.0005852661561220884,0.000910446688067168,0.0007783109904266894,0.0020593423396348953,0.0,0.001
0.05966838821768761,0.0,0.000588002847507596,0.0009034961112774909,0.0007909380365163088,0.002088711364194751,0.0,0.001
0.057982996106147766,0.0,0.0005713594728149474,0.0008789703133516014,0.0007734746905043721,0.00208280049264431,0.0,0.001
0.05608469992876053,0.0,0.0005524803418666124,0.0008537151152268052,0.0007779613370075822,0.002082882449030876,0.0,0.001
0.05686624348163605,0.0,0.0005605173646472394,0.0008446063147857785,0.0007433812716044486,0.0020516805816441774,0.0,0.001
0.057339999824762344,0.0,0.000565112626645714,0.000843060843180865,0.0007720872526988387,0.002115862909704447,0.0,0.001
0.055898021906614304,0.0,0.0005505899316631258,0.0008432780159637332,0.0007934707682579756,0.002065323991701007,0.0,0.001
0.05545825511217117,0.0,0.0005465368158183992,0.000837260449770838,0.0007306820480152965,0.002060383791103959,0.0,0.001
0.05585252493619919,0.0,0.0005501245614141226,0.0008514502551406622,0.0007866557571105659,0.0021014634985476732,0.0,0.001
0.05404182896018028,0.0,0.0005326066166162491,0.0008383083622902632,0.0006828514742664993,0.0020586366299539804,0.0,0.001
0.05407357215881348,0.0,0.0005328739061951637,0.0008220881572924554,0.0007095332257449627,0.002037040190771222,0.0,0.001
0.05354304611682892,0.0,0.0005276548909023404,0.0008119470439851284,0.0007016377639956772,0.002076386474072933,0.0,0.001
0.05360538512468338,0.0,0.0005280657205730677,0.0008237609872594476,0.0007324725738726556,0.0020696590654551983,0.0,0.001
0.05332602560520172,0.0,0.0005255637224763632,0.0007672184729017317,0.0007305183680728078,0.0020782079081982374,0.0,0.001
0.05225254222750664,0.0,0.0005146756302565336,0.0008307589450851083,0.0006962444167584181,0.002147766062989831,0.0,0.001
0.05169248953461647,0.0,0.0005093663930892944,0.0007715976098552346,0.0006977305165491998,0.002118451287969947,0.0,0.001
0.050487764179706573,0.0,0.0004971508169546723,0.0007906605605967343,0.0007141092210076749,0.0020294717978686094,0.0,0.001
0.049952637404203415,0.0,0.0004920049104839563,0.0007548091816715896,0.000708378734998405,0.002055306453257799,0.0,0.001
0.05033170059323311,0.0,0.000495566229801625,0.0008184420294128358,0.0006897693383507431,0.0020972478669136763,0.0,0.001
0.04962930083274841,0.0,0.0004888965049758554,0.0007531475275754929,0.0006852758815512061,0.0020436898339539766,0.0,0.001
0.04865602031350136,0.0,0.00047895152238197625,0.0007833272102288902,0.0006964682834222913,0.0020973202772438526,0.0,0.001
0.049245685338974,0.0,0.00048500101547688246,0.0008002405520528555,0.0006492764223366976,0.0020827832631766796,0.0,0.001
0.048994291573762894,0.0,0.00048254220746457577,0.0007696922984905541,0.0006684114341624081,0.002101634629070759,0.0,0.001
0.04922061413526535,0.0,0.0004846762167289853,0.0007410672260448337,0.0007230614428408444,0.002092704875394702,0.0,0.001
0.04745431989431381,0.0,0.00046708222362212837,0.0007895502494648099,0.0006613080622628331,0.0020668518263846636,0.0,0.001
0.04795375093817711,0.0,0.00047202614950947464,0.00076587765943259,0.0006957543664611876,0.0020322734490036964,0.0,0.001
0.04813741520047188,0.0,0.0004742091987282038,0.0007197787053883076,0.0006716328207403421,0.002079061698168516,0.0,0.001
0.04675379768013954,0.0,0.0004602405533660203,0.0007655571098439395,0.0006520605529658496,0.002093579387292266,0.0,0.001
0.0463336706161499,0.0,0.00045610751840285957,0.0007599761593155563,0.0006438676500692964,0.002099809003993869,0.0,0.001
0.048568256199359894,0.0,0.00047848763642832637,0.0007583650294691324,0.0006390016642399132,0.002080802107229829,0.0,0.001
0.04778103157877922,0.0,0.0004709798377007246,0.0007086222758516669,0.0006156895542517304,0.0020891546737402678,0.0,0.001
0.04680144041776657,0.0,0.0004609243478626013,0.0007261502905748785,0.0006492687971331179,0.002129788976162672,0.0,0.001
0.04866880550980568,0.0,0.00047966852434910834,0.0007077956688590348,0.0006535496795549989,0.002127985004335642,0.0,0.001
0.04526396468281746,0.0,0.00044580645044334233,0.000710054999217391,0.0006144217331893742,0.00210808333940804,0.0,0.001
0.047381121665239334,0.0,0.0004669693880714476,0.0007291117799468338,0.000596763042267412,0.002124643884599209,0.0,0.001
0.04494708403944969,0.0,0.00044271774822846055,0.0006894788821227849,0.0006196338217705488,0.0020752374548465014,0.0,0.001
0.04473356157541275,0.0,0.0004405868239700794,0.0007137414650060236,0.0005949449259787798,0.002053694799542427,0.0,0.001
0.04402260482311249,0.0,0.000433609209721908,0.0006780957337468863,0.0006039142026565969,0.002067834371700883,0.0,0.001
0.04308750480413437,0.0,0.00042425913852639496,0.0006672601448372006,0.0006138784228824079,0.002102273516356945,0.0,0.001
0.04453762620687485,0.0,0.0004387465014588088,0.0006691394955851138,0.0006159222684800625,0.0020444656256586313,0.0,0.001
0.04367923364043236,0.0,0.0004299998690839857,0.0007113322499208152,0.0006062863394618034,0.0020442483946681023,0.0,0.001
0.042425330728292465,0.0,0.0004177069931756705,0.0007013438153080642,0.0005661520408466458,0.002088006120175123,0.0,0.001
0.04298801347613335,0.0,0.00042325208778493106,0.0006907429778948426,0.0005930411862209439,0.002090980065986514,0.0,0.001
0.04171176627278328,0.0,0.00041037017945200205,0.0006767360027879477,0.0006321129621937871,0.002032228047028184,0.0,0.001
0.04175320267677307,0.0,0.000410998472943902,0.0006947005167603493,0.000569947122130543,0.0021034455858170986,0.0,0.001
0.041171904653310776,0.0,0.00040557715692557395,0.0006281222449615598,0.0005575168179348111,0.002136911964043975,0.0,0.001
0.04048939049243927,0.0,0.0003987656382378191,0.0006332031334750354,0.0005511346971616149,0.0020658052526414394,0.0,0.001
0.04306235909461975,0.0,0.000424281315645203,0.0006598721956834197,0.0005675334250554442,0.00205220771022141,0.0,0.001
0.041082918643951416,0.0,0.0004041960055474192,0.0007109275320544839,0.0005732888821512461,0.002120938850566745,0.0,0.001
0.0423642061650753,0.0,0.00041752634570002556,0.0006338080274872482,0.000548074021935463,0.002063251566141844,0.0,0.001
0.04138364642858505,0.0,0.00040771529893390834,0.0006346405716612935,0.0005474184872582555,0.002108713611960411,0.0,0.001
0.039265841245651245,0.0,0.0003866228216793388,0.0006261985399760306,0.0005406781565397978,0.002012058859691024,0.0,0.001
0.04053125157952309,0.0,0.0003991325793322176,0.0006399339181371033,0.000555019301827997,0.0020520624238997698,0.0,0.001
0.04013200104236603,0.0,0.000395219714846462,0.0006331318872980773,0.000544707290828228,0.0021111597307026386,0.0,0.001
0.04026124253869057,0.0,0.0003965001960750669,0.0006062719039618969,0.000574098841752857,0.0021041047293692827,0.0,0.001
0.03901585564017296,0.0,0.0003841850848402828,0.0006288823205977678,0.0005229170201346278,0.002144560916349292,0.0,0.001
0.03835533559322357,0.0,0.0003777170495595783,0.0006211851141415536,0.00050442258361727,0.002082639839500189,0.0,0.001
0.038744017481803894,0.0,0.0003815596573986113,0.0006049973308108747,0.0005303751677274704,0.0020364827942103148,0.0,0.001
0.03866446763277054,0.0,0.00038076110649853945,0.0006020874134264886,0.0005332534783519804,0.0020684872288256884,0.0,0.001
0.03921988233923912,0.0,0.00038640983984805644,0.0006132127018645406,0.0005037349183112383,0.0020426297560334206,0.0,0.001
0.0400790311396122,0.0,0.00039491496863774955,0.0006097022560425103,0.0005239421152509749,0.002071215072646737,0.0,0.001
0.037462227046489716,0.0,0.00036882152198813856,0.0006150580011308193,0.0005038086674176157,0.002064126543700695,0.0,0.001
0.03667888417840004,0.0,0.00036122961319051683,0.0005413583712652326,0.0005281653720885515,0.002115928800776601,0.0,0.001
0.038427822291851044,0.0,0.00037841498851776123,0.0005866300198249519,0.0005445191054604948,0.0020750672556459904,0.0,0.001
0.038119930773973465,0.0,0.00037555492599494755,0.0005989092751406133,0.000488052872242406,0.0020958520472049713,0.0,0.001
0.0364442802965641,0.0,0.0003584965888876468,0.0006090598180890083,0.0005386074772104621,0.0020785131491720676,0.0,0.001
0.03564108535647392,0.0,0.0003508078516460955,0.0005551370559260249,0.0005243336781859398,0.0020562068093568087,0.0,0.001
0.03706224262714386,0.0,0.0003649911959655583,0.0005937237292528152,0.0004916216712445021,0.002045227913185954,0.0,0.001
0.03669162467122078,0.0,0.00036137583083473146,0.000568369054235518,0.0004988711443729699,0.002042152686044574,0.0,0.001
0.03585639223456383,0.0,0.0003530508547555655,0.0005539619014598429,0.0005068386089988053,0.0020902929827570915,0.0,0.001
0.03725877031683922,0.0,0.00036702933721244335,0.0005712936981581151,0.0004976189229637384,0.002137976698577404,0.0,0.001
0.03514688462018967,0.0,0.00034597128978930414,0.0005493699572980404,0.0005095265223644674,0.00203110184520483,0.0,0.001
0.03500017523765564,0.0,0.00034444965422153473,0.0005797644844278693,0.0004886122769676149,0.002102088648825884,0.0,0.001
0.034747619181871414,0.0,0.0003420448338147253,0.0005507721216417849,0.0004938171477988362,0.002084309933707118,0.0,0.001
0.03455660864710808,0.0,0.00034038725425489247,0.0005138289998285472,0.0004796452121809125,0.002114618197083473,0.0,0.001
0.03452988341450691,0.0,0.00033984764013439417,0.0005533300573006272,0.0004947856650687754,0.002106023719534278,0.0,0.001
0.036038726568222046,0.0,0.0003549706598278135,0.0005543052684515715,0.0004866988165304065,0.0021156389266252518,0.0,0.001
0.034562837332487106,0.0,0.00034033352858386934,0.0005326135433278978,0.00048368837451562285,0.002133030444383621,0.0,0.001
0.03463921695947647,0.0,0.0003413309750612825,0.0005058536771684885,0.00046503296471200883,0.0020671221427619457,0.0,0.001
0.03323248028755188,0.0,0.00032691043452359736,0.0005308163235895336,0.0005098917754366994,0.002108164830133319,0.0,0.001
0.0343121699988842,0.0,0.0003378606925252825,0.0005488680908456445,0.00046113040298223495,0.0021100298035889864,0.0,0.001
0.03513672947883606,0.0,0.0003462093009147793,0.000535486382432282,0.0004550312878564,0.0020540738478302956,0.0,0.001
0.033191002905368805,0.0,0.00032674329122528434,0.0005185814807191491,0.0004736182454507798,0.00205744756385684,0.0,0.001
0.033968716859817505,0.0,0.0003344370343256742,0.0005217656143940985,0.0004868696560151875,0.0020693510305136442,0.0,0.001
0.034219108521938324,0.0,0.0003371948259882629,0.0005205200868658721,0.0004374247801024467,0.0020651333034038544,0.0,0.001
0.03299220651388168,0.0,0.0003247988934163004,0.0005070100305601954,0.0004768241778947413,0.002039972459897399,0.0,0.001
0.03267983719706535,0.0,0.00032189185731112957,0.0004779912414960563,0.0004610064788721502,0.002115062903612852,0.0,0.001
0.031944721937179565,0.0,0.0003142495406791568,0.0005580430151894689,0.00043894886039197445,0.0021269957069307566,0.0,0.001
0.03198026120662689,0.0,0.00031479098834097385,0.0005361393559724092,0.0004249664198141545,0.002061051083728671,0.0,0.001
0.033270206302404404,0.0,0.00032760706380940974,0.0005396367632783949,0.00043707783333957195,0.00211428408510983,0.0,0.001
0.03187132254242897,0.0,0.000313607684802264,0.0005160241271369159,0.0004626939189620316,0.0021193847060203552,0.0,0.001
0.03196227550506592,0.0,0.00031433277763426304,0.0005654008127748966,0.00045147896162234247,0.002056077355518937,0.0,0.001
0.03255540132522583,0.0,0.00032082703546620905,0.000489483994897455,0.00041394843719899654,0.00209839572198689,0.0,0.001
0.031015539541840553,0.0,0.0003054534026887268,0.00048071262426674366,0.000418863317463547,0.002041021129116416,0.0,0.001
0.03245096653699875,0.0,0.0003195068275090307,0.0005024526035413146,0.00045583696919493377,0.002114237518981099,0.0,0.001
0.03235457465052605,0.0,0.000318555801641196,0.0005271988338790834,0.00042811481398530304,0.0021338562946766615,0.0,0.001
0.03179362416267395,0.0,0.00031299435067921877,0.0005165289621800184,0.0004298837739042938,0.0020984141156077385,0.0,0.001
0.03019152395427227,0.0,0.0002970529021695256,0.0005265061627142131,0.00040477263974025846,0.0020595232490450144,0.0,0.001
0.030658302828669548,0.0,0.0003016091068275273,0.0005136151448823512,0.0004392001428641379,0.002098358701914549,0.0,0.001
0.031350523233413696,0.0,0.00030883291037753224,0.0004936467157676816,0.00039919104892760515,0.002081207698211074,0.0,0.001
0.029332516714930534,0.0,0.00028869384550489485,0.0004804977506864816,0.00040499880560673773,0.002038216684013605,0.0,0.001
0.03174084424972534,0.0,0.00031256020884029567,0.0005117497057653964,0.000416502938605845,0.002069605514407158,0.0,0.001
0.03146674111485481,0.0,0.00030993190011940897,0.0004917972255498171,0.0004142108664382249,0.002054754877462983,0.0,0.001
0.031313423067331314,0.0,0.0003083418996538967,0.0004956346820108593,0.0004213593783788383,0.0020733156707137823,0.0,0.001
0.030569618567824364,0.0,0.0003008489729836583,0.0004979779478162527,0.00042880300316028297,0.0021330348681658506,0.0,0.001
0.03013395145535469,0.0,0.0002967708860523999,0.00048751276335678995,0.0003846304025501013,0.0020790058188140392,0.0,0.001
0.03120274841785431,0.0,0.00030751636950299144,0.0004609915486071259,0.0003995013248641044,0.002086733700707555,0.0,0.001
0.029507208615541458,0.0,0.0002903211279772222,0.00048484464059583843,0.00042386006680317223,0.002074353862553835,0.0,0.001
0.030233992263674736,0.0,0.0002975750248879194,0.00048679247265681624,0.00042346733971498907,0.0021358304657042027,0.0,0.001
0.02891891822218895,0.0,0.00028469489188864827,0.0004588890296872705,0.00039844325510784984,0.002076203003525734,0.0,0.001
0.02848977968096733,0.0,0.0002803669194690883,0.00046130953705869615,0.0004032308061141521,0.0020818510092794895,0.0,0.001
0.028332417830824852,0.0,0.00027898047119379044,0.0004352213873062283,0.000392252579331398,0.0020631691440939903,0.0,0.001
0.028585350140929222,0.0,0.00028143677627667785,0.00046428421046584845,0.00037762144347652793,0.0020720218308269978,0.0,0.001
0.028630737215280533,0.0,0.0002818321227096021,0.00046770600602030754,0.0003858934505842626,0.002072483068332076,0.0,0.001
0.02840108424425125,0.0,0.0002795829204842448,0.00045648173545487225,0.00038761363248340786,0.0020745163783431053,0.0,0.001
0.028939450159668922,0.0,0.00028480880428105593,0.00046129204565659165,0.0004143054538872093,0.0020772842690348625,0.0,0.001
0.028438331559300423,0.0,0.0002798085333779454,0.00047112442553043365,0.0004026208771392703,0.0020606289617717266,0.0,0.001
0.029127275571227074,0.0,0.0002869845775421709,0.000448527600383386,0.0003672578022815287,0.0020924874115735292,0.0,0.001
0.02766997180879116,0.0,0.00027215734007768333,0.00046642855159007013,0.000400210585212335,0.0020917959045618773,0.0,0.001
0.028144653886556625,0.0,0.0002771553990896791,0.0004315015394240618,0.00038568134186789393,0.0020522091072052717,0.0,0.001
0.028624001890420914,0.0,0.00028201835812069476,0.0004271099460311234,0.00037444004556164145,0.0021391736809164286,0.0,0.001
0.02681087702512741,0.0,0.00026379627524875104,0.0004431994166225195,0.0003775505465455353,0.0020874240435659885,0.0,0.001
0.02725197747349739,0.0,0.00026816505123861134,0.00044814313878305256,0.00038057329948060215,0.0021112924441695213,0.0,0.001
0.026905054226517677,0.0,0.0002647318469826132,0.0004550800658762455,0.00036787576391361654,0.002039095154032111,0.0,0.001
0.02844832092523575,0.0,0.0002801830996759236,0.0004334870318416506,0.0003848145715892315,0.002086068270727992,0.0,0.001
0.026843886822462082,0.0,0.000264141388470307,0.0004392761329654604,0.0003780534607358277,0.002108357148244977,0.0,0.001
0.027769489213824272,0.0,0.00027341992245055735,0.0004279204295016825,0.0003849919594358653,0.0021042954176664352,0.0,0.001
0.026066521182656288,0.0,0.0002564068417996168,0.0004434571601450443,0.0003669500001706183,0.0020631738007068634,0.0,0.001
0.026994850486516953,0.0,0.0002657290897332132,0.0004158539231866598,0.0003869570791721344,0.0020535022486001253,0.0,0.001
0.02602308988571167,0.0,0.00025613029720261693,0.00042145157931372523,0.0003567607491277158,0.00209532561711967,0.0,0.001
0.026595856994390488,0.0,0.0002616784768179059,0.0004341483872849494,0.0003805941960308701,0.002063784748315811,0.0,0.001
0.026211485266685486,0.0,0.00025778496637940407,0.00044545377022586763,0.0003786509914789349,0.0020936718210577965,0.0,0.001
0.026692291721701622,0.0,0.00026276466087438166,0.00041272660018876195,0.0003778724349103868,0.0020528584718704224,0.0,0.001
0.02610163576900959,0.0,0.0002568122581578791,0.0004285598115529865,0.00036944079329259694,0.0021409757900983095,0.0,0.001
0.027185039594769478,0.0,0.00026761461049318314,0.0004272374790161848,0.000377671851310879,0.0021122193429619074,0.0,0.001
0.026385076344013214,0.0,0.0002596872509457171,0.00043398464913479984,0.00035689122159965336,0.0020913740154355764,0.0,0.001
0.02565992809832096,0.0,0.0002526159514673054,0.0004192462656646967,0.00033679057378321886,0.0020312932319939137,0.0,0.001
0.025342164561152458,0.0,0.00024937724811024964,0.0004019784100819379,0.00036538875428959727,0.002075650030747056,0.0,0.001
0.024918608367443085,0.0,0.00024518361897207797,0.00039473737706430256,0.00036312933661974967,0.0021311824675649405,0.0,0.001
0.02524801716208458,0.0,0.0002483116986695677,0.00041963605326600373,0.0003717009094543755,0.0021177902817726135,0.0,0.001
0.02468983456492424,0.0,0.00024282463709823787,0.0004074405587743968,0.000365160231012851,0.0021072099916636944,0.0,0.001
0.02584966830909252,0.0,0.00025449832901358604,0.00039925839519128203,0.00035877307527698576,0.0020820870995521545,0.0,0.001
0.0245528444647789,0.0,0.00024154574202839285,0.0003940940950997174,0.0003609851119108498,0.0020731056574732065,0.0,0.001
0.02638852968811989,0.0,0.00026006053667515516,0.0003840941935777664,0.0003386081662029028,0.002112547867000103,0.0,0.001
0.024958224967122078,0.0,0.0002456656366121024,0.00039045209996402264,0.00035222232691012323,0.0020324806682765484,0.0,0.001
0.024410337209701538,0.0,0.000240115710766986,0.0003997831081505865,0.0003562873462215066,0.002073163166642189,0.0,0.001
0.02435351349413395,0.0,0.000239614921156317,0.00039733160519972444,0.0003446756745688617,0.002101836958900094,0.0,0.001
0.024586742743849754,0.0,0.00024199600738938898,0.0004118505457881838,0.00032132089836522937,0.0020556985400617123,0.0,0.001
0.024417836219072342,0.0,0.00024027680046856403,0.00039382040267810225,0.00034426714410074055,0.0021114007104188204,0.0,0.001
0.024916578084230423,0.0,0.0002453220949973911,0.0003850674838759005,0.00034261544351466,0.0020526836160570383,0.0,0.001
0.023773042485117912,0.0,0.00023382873041555285,0.0004117744683753699,0.000326761684846133,0.0020901854149997234,0.0,0.001
0.02392677590250969,0.0,0.0002353985037188977,0.0004006208328064531,0.0003303011180832982,0.0021464109886437654,0.0,0.001
0.02424835041165352,0.0,0.00023861306544858962,0.000396518298657611,0.0003345625882502645,0.00215037539601326,0.0,0.001
0.023471692577004433,0.0,0.00023089072783477604,0.00040399987483397126,0.0003195512399543077,0.002084297826513648,0.0,0.001
0.024460693821310997,0.0,0.00024065769684966654,0.0004063711385242641,0.0003416087129153311,0.0020933952182531357,0.0,0.001
0.02324226312339306,0.0,0.00022869299573358148,0.0003746564616449177,0.00032953935442492366,0.002086564665660262,0.0,0.001
0.024503089487552643,0.0,0.00024119843146763742,0.000398018368287012,0.00032615623786114156,0.0021160480100661516,0.0,0.001
0.023520512506365776,0.0,0.00023124946164898574,0.00038694520480930805,0.0003631321305874735,0.0020527024753391743,0.0,0.001
0.024155260995030403,0.0,0.00023774508736096323,0.00036614894634112716,0.00035344003117643297,0.0020959051325917244,0.0,0.001
0.02341475524008274,0.0,0.0002303438523085788,0.0003923510084860027,0.0003255398478358984,0.002142603974789381,0.0,0.001
0.023700706660747528,0.0,0.00023320633044932038,0.00038479783688671887,0.0003343852877151221,0.0020481939427554607,0.0,0.001
0.023037711158394814,0.0,0.00022660760441794991,0.0003826786996796727,0.00032958033261820674,0.002082048449665308,0.0,0.001
0.023300662636756897,0.0,0.0002293307043146342,0.0003664595424197614,0.00032708351500332355,0.0020821390207856894,0.0,0.001
0.024493642151355743,0.0,0.00024128815857693553,0.00036242936039343476,0.0003262630489189178,0.0020479406230151653,0.0,0.001
0.024042310193181038,0.0,0.00023670669179409742,0.00036480423295870423,0.0003368027391843498,0.0020838133059442043,0.0,0.001
0.02273525670170784,0.0,0.00022351880033966154,0.0003902284079231322,0.00033411101321689785,0.002120824996381998,0.0,0.001
0.02254648692905903,0.0,0.00022189920127857476,0.00035417976323515177,0.00031773801310919225,0.0020608261693269014,0.0,0.001
0.02270781248807907,0.0,0.00022347577032633126,0.0003595345770008862,0.000318907288601622,0.002101501449942589,0.0,0.001
0.022662604227662086,0.0,0.00022284811711870134,0.00039059127448126674,0.00032388645922765136,0.002055255463346839,0.0,0.001
0.022229542955756187,0.0,0.00021872599609196186,0.0003554938593879342,0.0003170605923514813,0.00206687580794096,0.0,0.001
0.02328246831893921,0.0,0.00022911862470209599,0.00037690973840653896,0.0003215053875464946,0.00213991804048419,0.0,0.001
0.023352114483714104,0.0,0.00022992418962530792,0.00038154044887050986,0.0002959059493150562,0.0020972390193492174,0.0,0.001
0.021974727511405945,0.0,0.00021607971575576812,0.0003736513899639249,0.00031930248951539397,0.0020280908793210983,0.0,0.001
0.023748425766825676,0.0,0.0002340420032851398,0.0003455418045632541,0.0003012690576724708,0.0020821248181164265,0.0,0.001
0.023427367210388184,0.0,0.0002305995294591412,0.0003637386835180223,0.00032895978074520826,0.002106682863086462,0.0,0.001
0.02223202772438526,0.0,0.00021867864415980875,0.00036310762516222894,0.00032233764068223536,0.002144146477803588,0.0,0.001
0.02169390581548214,0.0,0.0002133665548171848,0.00037570091080851853,0.0002975893148686737,0.0020604287274181843,0.0,0.001
0.021653883159160614,0.0,0.00021310664305929095,0.0003533482667990029,0.00029157783137634397,0.0020755433943122625,0.0,0.001
0.021290112286806107,0.0,0.00020934862550348043,0.00035763904452323914,0.000311502895783633,0.002067993627861142,0.0,0.001
0.022082075476646423,0.0,0.00021738893701694906,0.00034381754812784493,0.00030024428269825876,0.002115007024258375,0.0,0.001
0.022226834669709206,0.0,0.0002186877536587417,0.0003517965378705412,0.0003217804478481412,0.002127144020050764,0.0,0.001
0.021412163972854614,0.0,0.00021075125550851226,0.00034141005016863346,0.0002912728814408183,0.0020695810671895742,0.0,0.001
0.023147117346525192,0.0,0.00022795745462644845,0.0003568743704818189,0.00030308568966574967,0.002139014657586813,0.0,0.001
0.0208576750010252,0.0,0.00020511538605205715,0.00035607520840130746,0.0002943426079582423,0.0020927898585796356,0.0,0.001
0.022986816242337227,0.0,0.0002263681817566976,0.00035645521711558104,0.0003000656433869153,0.0021738552022725344,0.0,0.001
0.020697670057415962,0.0,0.00020347039389889687,0.0003685149422381073,0.0002919987018685788,0.0020373754668980837,0.0,0.001
0.022720040753483772,0.0,0.00022372267267201096,0.0003688529832288623,0.00028535022283904254,0.0020671177189797163,0.0,0.001
0.021034859120845795,0.0,0.00020697845320682973,0.0003355661756359041,0.000297160615446046,0.002065163804218173,0.0,0.001
0.021283192560076714,0.0,0.00020950533507857472,0.00033810592140071094,0.0002849227748811245,0.002114524831995368,0.0,0.001
0.0208042673766613,0.0,0.0002049099130090326,0.00033138581784442067,0.0002523680159356445,0.002139798365533352,0.0,0.001
0.02186988666653633,0.0,0.00021541155001614243,0.0003271054883953184,0.0002888523449655622,0.002075223019346595,0.0,0.001
0.02102305367588997,0.0,0.0002068323374260217,0.0003438738640397787,0.0002933744399342686,0.0021195639856159687,0.0,0.001
0.0206386037170887,0.0,0.0002031174226431176,0.0003320660616736859,0.00027972584939561784,0.0020965109579265118,0.0,0.001
0.021346235647797585,0.0,0.00021004557493142784,0.0003307836304884404,0.0003103656927123666,0.002110408851876855,0.0,0.001
0.021558741107583046,0.0,0.00021220906637609005,0.00033692969009280205,0.0002962779544759542,0.002122859237715602,0.0,0.001
0.02057996578514576,0.0,0.00020262262842152268,0.00031634222250431776,0.00027635638252831995,0.002135292626917362,0.0,0.001
0.021658098325133324,0.0,0.00021327070135157555,0.00034258177038282156,0.0002772201842162758,0.0021126989740878344,0.0,0.001
0.020234594121575356,0.0,0.00019911100389435887,0.00030827446607872844,0.00029691917006857693,0.0020895791240036488,0.0,0.001
0.021169792860746384,0.0,0.00020834885071963072,0.00034040308673866093,0.00028680230025202036,0.002130419248715043,0.0,0.001
0.02015668712556362,0.0,0.00019826497009489685,0.0003228141868021339,0.0002947843458969146,0.0021388393361121416,0.0,0.001
0.02002653293311596,0.0,0.000196920707821846,0.0003419975400902331,0.00028517781174741685,0.002087509725242853,0.0,0.001
0.020117469131946564,0.0,0.0001977823267225176,0.00034093967406079173,0.00029532998451031744,0.0021101515740156174,0.0,0.001
0.020095786079764366,0.0,0.00019773532403632998,0.00032881475635804236,0.0002740834606811404,0.002080393023788929,0.0,0.001
0.020205194130539894,0.0,0.00019893021089956164,0.000320375052979216,0.00026102157426066697,0.002147627528756857,0.0,0.001
0.020124467089772224,0.0,0.00019805427291430533,0.0003139697073493153,0.00028288213070482016,0.0020611858926713467,0.0,0.001
0.020966283977031708,0.0,0.00020639617287088186,0.0003217762860003859,0.00028904134524054825,0.002125913044437766,0.0,0.001
0.020957522094249725,0.0,0.00020646511984523386,0.00031332747312262654,0.00026590836932882667,0.002139209769666195,0.0,0.001
0.019971884787082672,0.0,0.00019656111544463784,0.00031318265246227384,0.0002770131977740675,0.002067445544525981,0.0,0.001
0.020164426416158676,0.0,0.00019856095605064183,0.0002956013777293265,0.00027894339291378856,0.0021059070713818073,0.0,0.001
0.01937830075621605,0.0,0.00019060232443735003,0.0003296213981229812,0.00026474444894120097,0.002088524866849184,0.0,0.001
0.019495651125907898,0.0,0.0001917391491588205,0.00031461965409107506,0.0002869177842512727,0.0020966974552720785,0.0,0.001
0.020340850576758385,0.0,0.000200176757061854,0.00032471230952069163,0.0002791439474094659,0.0021246843971312046,0.0,0.001
0.01983574591577053,0.0,0.000195246102521196,0.0003138638858217746,0.00026629294734448195,0.0021059908904135227,0.0,0.001
0.01882816292345524,0.0,0.00018510165682528168,0.0003158554609399289,0.00027764233527705073,0.002124768914654851,0.0,0.001
0.01916048675775528,0.0,0.00018834357615560293,0.00033701449865475297,0.00027386457077227533,0.0020688988734036684,0.0,0.001
0.019243629649281502,0.0,0.00018925793119706213,0.0003228018176741898,0.0002717697061598301,0.002055114135146141,0.0,0.001
0.01964575983583927,0.0,0.0001933276653289795,0.0003134073340333998,0.00027146347565576434,0.0020557348616421223,0.0,0.001
0.01872420683503151,0.0,0.00018413271754980087,0.0003113005368504673,0.000268033443717286,0.002126704901456833,0.0,0.001
0.020138023421168327,0.0,0.00019832221732940525,0.00031191695597954094,0.00025770868523977697,0.002098748227581382,0.0,0.001
0.018392624333500862,0.0,0.00018085296323988587,0.0003051864623557776,0.0002677316078916192,0.002086747670546174,0.0,0.001
0.019369009882211685,0.0,0.00019062009232584387,0.0003261869715061039,0.0002472923952154815,0.0020261032041162252,0.0,0.001
0.018340906128287315,0.0,0.00018038845155388117,0.0003050152736250311,0.0002574897080194205,0.002080941805616021,0.0,0.001
0.019324975088238716,0.0,0.00019032599811907858,0.0002934372751042247,0.00024923039018176496,0.0021043086890131235,0.0,0.001
0.01928279548883438,0.0,0.00018977017316501588,0.00030874303774908185,0.0002608449722174555,0.002098200609907508,0.0,0.001
0.018313340842723846,0.0,0.00017999252304434776,0.0003082005132455379,0.0002782833471428603,0.002084741136059165,0.0,0.001
0.019005509093403816,0.0,0.00018706244009081274,0.00030466672615148127,0.00025178605574183166,0.0021040693391114473,0.0,0.001
0.017909223213791847,0.0,0.0001760361628839746,0.00031368687632493675,0.000256785104284063,0.002036936581134796,0.0,0.001
0.02050178311765194,0.0,0.000201956630917266,0.00030549848452210426,0.0002645581553224474,0.00210905191488564,0.0,0.001
0.01837547868490219,0.0,0.00018073392857331783,0.0003020718286279589,0.00026056068600155413,0.0020769378170371056,0.0,0.001
0.018313100561499596,0.0,0.00018022730364464223,0.0002886743168346584,0.00025009940145537257,0.002098339144140482,0.0,0.001
0.01805177517235279,0.0,0.0001776039571268484,0.00029589334735646844,0.0002446291910018772,0.002111844252794981,0.0,0.001
0.018801765516400337,0.0,0.0001850232802098617,0.0002916956727858633,0.00026476741186343133,0.0021207095123827457,0.0,0.001
0.01877151057124138,0.0,0.0001846790692070499,0.0002970316563732922,0.00026870385045185685,0.002073431620374322,0.0,0.001
0.018160369247198105,0.0,0.0001786743669072166,0.00028518232284113765,0.0002599009021651,0.002039112849161029,0.0,0.001
0.017725685611367226,0.0,0.0001743546745274216,0.0002908757305704057,0.00024641782511025667,0.0021572757977992296,0.0,0.001
0.01873677968978882,0.0,0.00018448430637363344,0.0002880771062336862,0.0002477355592418462,0.002044288208708167,0.0,0.001
0.018025560304522514,0.0,0.00017718214076012373,0.0002993311791215092,0.00027291878359392285,0.0021220375783741474,0.0,0.001
0.018375763669610023,0.0,0.00018088890647049993,0.00028654656489379704,0.0002454417699482292,0.0020879374351352453,0.0,0.001
0.018300265073776245,0.0,0.00018005844322033226,0.0002933876821771264,0.00025419905432499945,0.002062657382339239,0.0,0.001
0.018605688586831093,0.0,0.00018320133676752448,0.0002783253148663789,0.000250435114139691,0.0021174324210733175,0.0,0.001
0.018115170300006866,0.0,0.0001782914623618126,0.0002905777364503592,0.00024010168272070587,0.002068496774882078,0.0,0.001
0.017754023894667625,0.0,0.00017464105621911585,0.0002884703571908176,0.00024780078092589974,0.00217810133472085,0.0,0.001
0.017570743337273598,0.0,0.00017276237485930324,0.0003026128397323191,0.00024364814453292638,0.002137593924999237,0.0,0.001
0.0174166988581419,0.0,0.0001712145167402923,0.0002921144478023052,0.00025573914172127843,0.0021320877131074667,0.0,0.001
0.018683629110455513,0.0,0.00018399907276034355,0.00027837109519168735,0.000246287789195776,0.0021392989438027143,0.0,0.001
0.017199810594320297,0.0,0.00016904629592318088,0.0002817994391079992,0.0002666228683665395,0.0020969356410205364,0.0,0.001
0.017458727583289146,0.0,0.0001717801351333037,0.00027868416509591043,0.0002413691981928423,0.0020687065552920103,0.0,0.001
0.017001690343022346,0.0,0.0001672201615292579,0.0002804039977490902,0.00023686009808443487,0.0021042772568762302,0.0,0.001
0.017636163160204887,0.0,0.0001735371770337224,0.0002846381685230881,0.00023736596631351858,0.002144418889656663,0.0,0.001
0.017253199592232704,0.0,0.00016965028771664947,0.0002922766434494406,0.00024090439546853304,0.0021582499612122774,0.0,0.001
0.01679791696369648,0.0,0.00016520982899237424,0.00027473026420921087,0.00023747430532239377,0.0020832568407058716,0.0,0.001
0.016762735322117805,0.0,0.00016487053653690964,0.0002761930227279663,0.00023353892902377993,0.002081436337903142,0.0,0.001
0.017421748489141464,0.0,0.00017128688341472298,0.0002929710317403078,0.0002522259601391852,0.0020461140666157007,0.0,0.001
0.017945893108844757,0.0,0.00017675120034255087,0.00026390564744360745,0.00023515871725976467,0.0021239432971924543,0.0,0.001
0.016760271042585373,0.0,0.0001647531462367624,0.00027933993260376155,0.0002481014234945178,0.002123525133356452,0.0,0.001
0.016583455726504326,0.0,0.00016297936963383108,0.0002885396534111351,0.0002418489457340911,0.0020325109362602234,0.0,0.001
0.016585981473326683,0.0,0.00016295883688144386,0.0002872601035051048,0.00025078473845496774,0.0021073585376143456,0.0,0.001
0.016787154600024223,0.0,0.00016510098066646606,0.00026480629458092153,0.0002451490145176649,0.002207936719059944,0.0,0.001
0.016255082562565804,0.0,0.00015982404875103384,0.00027017146931029856,0.000232541307923384,0.0021322499960660934,0.0,0.001
0.016648583114147186,0.0,0.00016377808060497046,0.0002741244388744235,0.00022541116049978882,0.002100686077028513,0.0,0.001
0.017058495432138443,0.0,0.0001678420667303726,0.0002696053998079151,0.0002372587041463703,0.0020856333430856466,0.0,0.001
0.016674740239977837,0.0,0.00016394740669056773,0.0002773813030216843,0.00024010901688598096,0.0021253942977637053,0.0,0.001
0.018642593175172806,0.0,0.00018379550601821393,0.0002621721650939435,0.0002215488930232823,0.0021182203199714422,0.0,0.001
0.016355400905013084,0.0,0.00016083396621979773,0.0002747006656136364,0.00022759388957638294,0.00208575208671391,0.0,0.001
0.01670704409480095,0.0,0.00016447485540993512,0.00025375752011314034,0.0002226182259619236,0.0021367454901337624,0.0,0.001
0.015853971242904663,0.0,0.0001558272633701563,0.0002618385769892484,0.0002392679889453575,0.0020691738463938236,0.0,0.001
0.016344226896762848,0.0,0.00016065723320934922,0.0002867953444365412,0.00022890124819241464,0.002065496053546667,0.0,0.001
0.017177093774080276,0.0,0.0001690622593741864,0.0002762491349130869,0.00022228680609259754,0.002159994328394532,0.0,0.001
0.01603156328201294,0.0,0.00015766450087539852,0.000258168758591637,0.00022960711794439703,0.002122518140822649,0.0,0.001
0.01684984751045704,0.0,0.0001657734828768298,0.00027321401285007596,0.00022985218674875796,0.002096867421641946,0.0,0.001
0.016265299171209335,0.0,0.00015993215492926538,0.00028080970514565706,0.00022157923376653343,0.0020890124142169952,0.0,0.001
0.017243830487132072,0.0,0.0001698076375760138,0.00025751200155355036,0.0002246905060019344,0.0021965561900287867,0.0,0.001
0.01593584194779396,0.0,0.00015664131205994636,0.0002765819663181901,0.00022465056099463254,0.0021096672862768173,0.0,0.001
0.01577450893819332,0.0,0.00015510576486121863,0.0002521156275179237,0.0002332324511371553,0.0021259114146232605,0.0,0.001
0.016282083466649055,0.0,0.00016010597755666822,0.00026072587934322655,0.00024048825434874743,0.0020878352224826813,0.0,0.001
0.01599346101284027,0.0,0.00015726411947980523,0.00026684082695282996,0.00022501400962937623,0.0021120868623256683,0.0,0.001
0.016021402552723885,0.0,0.00015756936045363545,0.0002633923140820116,0.00022282199643086642,0.0021359240636229515,0.0,0.001
0.01594458520412445,0.0,0.00015677940973546356,0.00026296719443053007,0.00022725717280991375,0.0021533069666475058,0.0,0.001
0.016565579921007156,0.0,0.00016307015903294086,0.00026114602223969996,0.00021249125711619854,0.002174555789679289,0.0,0.001
0.015756268054246902,0.0,0.00015488135977648199,0.0002662449551280588,0.00022757382248528302,0.0021222555078566074,0.0,0.001
0.015162822790443897,0.0,0.0001489750575274229,0.00026096991496160626,0.0002288727555423975,0.0020395806059241295,0.0,0.001
0.01580820232629776,0.0,0.00015548701048828661,0.0002605600457172841,0.00021648607798852026,0.0020977884996682405,0.0,0.001
0.0155143141746521,0.0,0.000152483960846439,0.0002596121048554778,0.00022967829136177897,0.0021272648591548204,0.0,0.001
0.016080481931567192,0.0,0.00015818684187252074,0.0002591754891909659,0.00022373256797436625,0.0020344192162156105,0.0,0.001
0.015250849537551403,0.0,0.00014993570221122354,0.0002552161749918014,0.00021717041090596467,0.0021087389905005693,0.0,0.001
0.015754107385873795,0.0,0.00015494947729166597,0.00025008036755025387,0.0002245951909571886,0.0021822338458150625,0.0,0.001
0.015589416027069092,0.0,0.00015335512580350041,0.0002437120710965246,0.0002218542358605191,0.0021120277233421803,0.0,0.001
0.016163507476449013,0.0,0.00015902688028290868,0.0002637180732563138,0.00021591917902696878,0.0021001941058784723,0.0,0.001
0.015270549803972244,0.0,0.00015013122174423188,0.0002502849092707038,0.0002217037690570578,0.002143360208719969,0.0,0.001
0.015289983712136745,0.0,0.00015022796287667006,0.00026275176787748933,0.00023014130420051515,0.0020740770269185305,0.0,0.001
0.015292477793991566,0.0,0.0001503221719758585,0.0002540635468903929,0.00022396125132218003,0.002124889986589551,0.0,0.001
0.015237810090184212,0.0,0.00014994335651863366,0.00023520085960626602,0.00020960671827197075,0.0021070463117212057,0.0,0.001
0.01589336059987545,0.0,0.00015634761075489223,0.00026081403484568,0.0002146873011952266,0.0020848093554377556,0.0,0.001
0.01612282358109951,0.0,0.0001586793368915096,0.0002512202481739223,0.00021686841500923038,0.0020847260020673275,0.0,0.001
0.015253555029630661,0.0,0.00014997244579717517,0.00025911343982443213,0.00021226586250122637,0.002062104409560561,0.0,0.001
0.014643672853708267,0.0,0.0001439615007257089,0.0002558812848292291,0.0001975202903850004,0.0020822754595428705,0.0,0.001
0.015625033527612686,0.0,0.0001537357020424679,0.00025176547933369875,0.0002093659422826022,0.0020898471120744944,0.0,0.001
0.015336119569838047,0.0,0.00015092418470885605,0.0002352575393160805,0.00020881266391370445,0.0021666737738996744,0.0,0.001
0.015505930408835411,0.0,0.00015252447337843478,0.000241044006543234,0.0002230518584838137,0.0021434708032757044,0.0,0.001
0.015872497111558914,0.0,0.00015624804655089974,0.00024069944629445672,0.00021276001643855125,0.002096424112096429,0.0,0.001
0.016084978356957436,0.0,0.00015825021546334028,0.00025625681155361235,0.00022238287783693522,0.0020638839341700077,0.0,0.001
0.014916493557393551,0.0,0.0001466095563955605,0.0002481180999893695,0.00022060103947296739,0.0021178999450057745,0.0,0.001
0.01495459396392107,0.0,0.00014696354628540576,0.0002526914468035102,0.0002214699488831684,0.0021158182062208652,0.0,0.001
0.015653615817427635,0.0,0.00015409298066515476,0.00024190612020902336,0.00020405500254128128,0.0021337291691452265,0.0,0.001
0.014908875338733196,0.0,0.00014668428048025817,0.00024107757781166583,0.0001988221483770758,0.00204968242906034,0.0,0.001
0.014562155120074749,0.0,0.0001431706186849624,0.00024023826699703932,0.00020920828683301806,0.002036942634731531,0.0,0.001
0.014455529861152172,0.0,0.00014212160021997988,0.00022817336139269173,0.00021571351680904627,0.002142614684998989,0.0,0.001
0.015470311976969242,0.0,0.00015222675574477762,0.00024829263566061854,0.0002065137668978423,0.00202338513918221,0.0,0.001
0.015883387997746468,0.0,0.00015634024748578668,0.00024475951795466244,0.0002115768875228241,0.0021194503642618656,0.0,0.001
0.01486204843968153,0.0,0.00014614782412536442,0.00025184982223436236,0.0002015426871366799,0.0020569898188114166,0.0,0.001
0.014723144471645355,0.0,0.0001448650873498991,0.00022906252706889063,0.00020256185962352902,0.0020823373924940825,0.0,0.001
0.014374799095094204,0.0,0.00014127531903795898,0.00025043453206308186,0.0002009039744734764,0.0021598420571535826,0.0,0.001
0.014470545575022697,0.0,0.00014218391152098775,0.0002540950372349471,0.00020929893071297556,0.0020457531791180372,0.0,0.001
0.014182536862790585,0.0,0.0001393717830069363,0.000249318138230592,0.00019999560026917607,0.0020701184403151274,0.0,0.001
0.015149639919400215,0.0,0.0001490683207521215,0.00023473963665310293,0.00020785554079338908,0.0021509744692593813,0.0,0.001
0.014427690766751766,0.0,0.00014196352276485413,0.00023216434055939317,0.00018820981495082378,0.0021151918917894363,0.0,0.001
0.014800747856497765,0.0,0.00014567346079275012,0.00022460686159320176,0.0002000592794502154,0.002106831641867757,0.0,0.001
0.014742977917194366,0.0,0.0001449599367333576,0.0002513557265046984,0.00019995153706986457,0.002132982946932316,0.0,0.001
0.013734838925302029,0.0,0.0001350280363112688,0.00022215594071894884,0.00020025357662234455,0.0020830552093684673,0.0,0.001
0.014357664622366428,0.0,0.0001411468256264925,0.00024165202921722084,0.00020312595006544143,0.002059298800304532,0.0,0.001
0.014320501126348972,0.0,0.0001407200179528445,0.00024305902479682118,0.0002111147769028321,0.002141291741281748,0.0,0.001
0.013797019608318806,0.0,0.00013561194646172225,0.00023832461738493294,0.00019226281438022852,0.0020530750043690205,0.0,0.001
0.014376905746757984,0.0,0.00014140499115455896,0.00023972337658051401,0.0001905844546854496,0.0021252420265227556,0.0,0.001
0.01418793760240078,0.0,0.00013946557010058314,0.00024678223417140543,0.00019393523689359426,0.0021021475549787283,0.0,0.001
0.0146481329575181,0.0,0.00014412496238946915,0.00023587507894262671,0.000192317136679776,0.002154179150238633,0.0,0.001
0.013609473593533039,0.0,0.00013376188871916384,0.00023172673536464572,0.00019249694014433771,0.002117380267009139,0.0,0.001
0.013922258280217648,0.0,0.00013688566104974598,0.0002272793062729761,0.00019787333440035582,0.002111556474119425,0.0,0.001
0.015310753136873245,0.0,0.0001506530388724059,0.000238907610764727,0.000208715267945081,0.0021637058816850185,0.0,0.001
0.013723819516599178,0.0,0.0001348673104075715,0.00022933317814022303,0.000203236733796075,0.002080432139337063,0.0,0.001
0.013862226158380508,0.0,0.00013628359010908753,0.00023223429161589593,0.00019247965246904641,0.0021510287187993526,0.0,0.001
0.013728344812989235,0.0,0.0001348854711977765,0.00023330727708525956,0.0002041675616055727,0.0021060139406472445,0.0,0.001
0.013679689727723598,0.0,0.0001343519106740132,0.00023506114666815847,0.0002129375352524221,0.0020499059464782476,0.0,0.001
0.01434820331633091,0.0,0.0001412536366842687,0.0002196246787207201,0.00018267528503201902,0.002168988110497594,0.0,0.001
0.01387881487607956,0.0,0.00013633993512485176,0.00024086228222586215,0.00020754753495566547,0.0020616608671844006,0.0,0.001
0.01322796568274498,0.0,0.00013004758511669934,0.00021549455414060503,0.00018943205941468477,0.0020743615459650755,0.0,0.001
0.013510176911950111,0.0,0.00013273880176711828,0.0002379759243922308,0.00019171219901181757,0.0021453185472637415,0.0,0.001
0.013742920011281967,0.0,0.00013511956785805523,0.00023226517078001052,0.0001867882820079103,0.0021437096875160933,0.0,0.001
0.013895511627197266,0.0,0.00013664941070601344,0.00023672751558478922,0.0001827356027206406,0.0020839415956288576,0.0,0.001
0.013787031173706055,0.0,0.0001356144348392263,0.00022367566998582333,0.00018458778504282236,0.0021456170361489058,0.0,0.001
0.013761740177869797,0.0,0.00013534836762119085,0.0002315689343959093,0.00018086300406139344,0.002068702830001712,0.0,0.001
0.013831662945449352,0.0,0.00013605461572296917,0.00022423126210924238,0.00018595752771943808,0.0021107937209308147,0.0,0.001
0.013506865128874779,0.0,0.0001327602076344192,0.00022819162404630333,0.0001908426493173465,0.0021327678114175797,0.0,0.001
0.014128305949270725,0.0,0.00013903655053582042,0.00021119244047440588,0.0001952001330209896,0.002145469654351473,0.0,0.001
0.013417322188615799,0.0,0.00013186947035137564,0.00022332558000925928,0.00019578351930249482,0.002082094317302108,0.0,0.001
0.01313631609082222,0.0,0.0001290704676648602,0.0002222009643446654,0.0001932618470164016,0.002153733279556036,0.0,0.001
0.013376008719205856,0.0,0.000131505643366836,0.0002219142479589209,0.00018726660346146673,0.002085411222651601,0.0,0.001
0.013552840799093246,0.0,0.00013320943980943412,0.00022440621978603303,0.0001983126567211002,0.0020537811797112226,0.0,0.001
0.013253411278128624,0.0,0.0001302963210036978,0.0002211536921095103,0.0001849412074079737,0.002073110779747367,0.0,0.001
0.013140029273927212,0.0,0.00012917010462842882,0.00022555116447620094,0.00017828716954682022,0.002110007917508483,0.0,0.001
0.013336303643882275,0.0,0.00013118212518747896,0.00021270374418236315,0.0001819564204197377,0.002076172037050128,0.0,0.001
0.013885264284908772,0.0,0.00013656899682246149,0.00022578109928872436,0.0001888377737486735,0.002105491003021598,0.0,0.001
0.01288981456309557,0.0,0.00012662708468269557,0.00023121469712350518,0.00018026925681624562,0.002136447001248598,0.0,0.001
0.013327039778232574,0.0,0.00013108090206515044,0.00020664709154516459,0.0001885388046503067,0.002135620452463627,0.0,0.001
0.012812395580112934,0.0,0.0001259597047464922,0.00021576184371951967,0.00017569262126926333,0.0020698383450508118,0.0,0.001
0.013852872885763645,0.0,0.00013632603804580867,0.00022196918143890798,0.00017546110029798,0.0021553747355937958,0.0,0.001
0.013240735977888107,0.0,0.00013022789789829403,0.0002111889043590054,0.00018275676120538265,0.002097299788147211,0.0,0.001
0.013163906522095203,0.0,0.00012941283057443798,0.0002126288745785132,0.00018900896247942,0.002180520910769701,0.0,0.001
0.012914244085550308,0.0,0.00012698504724539816,0.00021061900770291686,0.0001787677319953218,0.002104590879753232,0.0,0.001
0.013165201060473919,0.0,0.00012950149539392442,0.00022075195738580078,0.00016680207045283169,0.002127486513927579,0.0,0.001
0.012983295135200024,0.0,0.0001276754483114928,0.0002205910423072055,0.00016965028771664947,0.0020629570353776217,0.0,0.001
0.01268323976546526,0.0,0.00012463019811548293,0.00021704097162000835,0.00018257526971865445,0.00204115966334939,0.0,0.001
0.012601769529283047,0.0,0.00012378999963402748,0.00022112239093985409,0.00018182290659751743,0.002129767555743456,0.0,0.001
0.013034987263381481,0.0,0.00012815420632250607,0.00021382287377491593,0.00018228674889542162,0.0021512270905077457,0.0,0.001
0.01299838162958622,0.0,0.00012785587750840932,0.0002086179592879489,0.00017445480625610799,0.002125743543729186,0.0,0.001
0.012708291411399841,0.0,0.00012491988309193403,0.0002221712638856843,0.00016827591753099114,0.0021080770529806614,0.0,0.001
0.012566935271024704,0.0,0.00012349513417575508,0.00020714160928037018,0.00018595100846141577,0.002087604720145464,0.0,0.001
0.012966426089406013,0.0,0.00012750623864121735,0.00021843385184183717,0.00017203655443154275,0.002056706929579377,0.0,0.001
0.012880788184702396,0.0,0.00012666381371673197,0.00021133599511813372,0.0001746291236486286,0.002142534125596285,0.0,0.001
0.012660088017582893,0.0,0.00012439663987606764,0.0002115038369083777,0.00018599070608615875,0.0021676192991435528,0.0,0.001
0.013212926685810089,0.0,0.00013004959328100085,0.00020335362933110446,0.00017032043251674622,0.002112969057634473,0.0,0.001
0.01250396016985178,0.0,0.0001228945911861956,0.00020500113896559924,0.0001830847904784605,0.00204584957100451,0.0,0.001
0.012688049115240574,0.0,0.00012471256195567548,0.00021540244051720947,0.000176777844899334,0.002070319838821888,0.0,0.001
0.013144239783287048,0.0,0.0001293230743613094,0.00019735450041480362,0.00018363840354140848,0.002143601421266794,0.0,0.001
0.012443226762115955,0.0,0.00012237823102623224,0.00019066286040470004,0.0001773857802618295,0.0021380672696977854,0.0,0.001
0.014312077313661575,0.0,0.0001409540418535471,0.00020847460837103426,0.00018180538609158248,0.0021532743703573942,0.0,0.001
0.012547535821795464,0.0,0.00012338308442849666,0.00020887468417640775,0.00016765278996899724,0.0020963281858712435,0.0,0.001
0.012208878993988037,0.0,0.00012002990115433931,0.00020063651027157903,0.00016873821732588112,0.0021201898343861103,0.0,0.001
0.013491587713360786,0.0,0.00013285523164086044,0.00020239829609636217,0.00016698862600605935,0.002137119183316827,0.0,0.001
0.012112106196582317,0.0,0.00011898972297785804,0.00021217633911874145,0.00017237395513802767,0.0020858861971646547,0.0,0.001
0.012576309032738209,0.0,0.00012369682372082025,0.0001975302438950166,0.00017330188711639494,0.002121054334565997,0.0,0.001
0.012100224383175373,0.0,0.0001189248141599819,0.00020627822959795594,0.00016799906734377146,0.0020603775046765804,0.0,0.001
0.012002903036773205,0.0,0.00011796763283200562,0.00020393513841554523,0.00016660951951052994,0.0020867555867880583,0.0,0.001
0.012004815973341465,0.0,0.00011790815915446728,0.00020855566253885627,0.00017761302297003567,0.002091621048748493,0.0,0.001
0.012888232246041298,0.0,0.00012682596570812166,0.00019972903828602284,0.00016957393381744623,0.0020984471775591373,0.0,0.001
0.012628592550754547,0.0,0.00012422935105860233,0.00020271433459129184,0.00016646838048473,0.002106655156239867,0.0,0.001
0.012451675720512867,0.0,0.00012241820513736457,0.0002038352395175025,0.00017453311011195183,0.002067105146124959,0.0,0.001
0.012796268798410892,0.0,0.00012584707292262465,0.00021802636911161244,0.00016382687317673117,0.0020634003449231386,0.0,0.001
0.01186306495219469,0.0,0.00011658344010356814,0.00019835970306303352,0.00016932493599597365,0.0020876999478787184,0.0,0.001
0.012034579180181026,0.0,0.00011829763388959691,0.00019891021656803787,0.00016872129344847053,0.0020999370608478785,0.0,0.001
0.011956081725656986,0.0,0.00011746476957341656,0.00021445150196086615,0.0001632444909773767,0.0020756120793521404,0.0,0.001
0.011857964098453522,0.0,0.0001165506910183467,0.00019806611817330122,0.00016637110093142837,0.0020676536951214075,0.0,0.001
0.011903246864676476,0.0,0.00011700412869686261,0.00020149887131992728,0.0001611164043424651,0.002152536064386368,0.0,0.001
0.012145928107202053,0.0,0.00011939935939153656,0.00020474873599596322,0.00016417585720773786,0.002152976579964161,0.0,0.001
0.012112016789615154,0.0,0.00011902221012860537,0.00020728734671138227,0.00017088926688302308,0.0020707810763269663,0.0,0.001
0.012002232484519482,0.0,0.00011790082498919219,0.00020862418750766665,0.00017412025772500783,0.0020778155885636806,0.0,0.001
0.012837613932788372,0.0,0.00012634537415578961,0.00020000067888759077,0.0001645079901209101,0.0020821394864469767,0.0,0.001
0.013012628071010113,0.0,0.00012806628365069628,0.00020313204731792212,0.00016604117990937084,0.0021413175854831934,0.0,0.001
0.011729801073670387,0.0,0.00011531708150869235,0.0001932487211888656,0.00016106189286801964,0.002093773102387786,0.0,0.001
0.012035565450787544,0.0,0.0001183339481940493,0.00019676837837323546,0.0001649938349146396,0.0021289782598614693,0.0,0.001
0.011815886944532394,0.0,0.00011613152310019359,0.00019332226656842977,0.00017038114310707897,0.0020883134566247463,0.0,0.001
0.012545699253678322,0.0,0.00012348299787845463,0.00019618002988863736,0.0001566956634633243,0.002096204087138176,0.0,0.001
0.011888471432030201,0.0,0.00011684500350384042,0.0002015282807406038,0.00016546749975532293,0.002047239802777767,0.0,0.001
0.012383653782308102,0.0,0.00012176208838354796,0.00019990433065686375,0.0001729630894260481,0.002101088175550103,0.0,0.001
0.011706963181495667,0.0,0.00011503387213451788,0.0001978808722924441,0.0001657922111917287,0.0021740018855780363,0.0,0.001
0.011629843153059483,0.0,0.00011423235991969705,0.00020417309133335948,0.00016728173068258911,0.002087957924231887,0.0,0.001
0.012541614472866058,0.0,0.00012342797708697617,0.000193145708180964,0.00016229013272095472,0.0021099094301462173,0.0,0.001
0.011388608254492283,0.0,0.00011194584658369422,0.00018843740690499544,0.0001573215558892116,0.0021144042257219553,0.0,0.001
0.011779319494962692,0.0,0.00011579997226363048,0.00019296622485853732,0.00016258916002698243,0.0021545039489865303,0.0,0.001
0.01185467466711998,0.0,0.00011653106776066124,0.00019749339844565839,0.00016283337026834488,0.0021405124571174383,0.0,0.001
0.011592186987400055,0.0,0.00011393225577194244,0.00019343690655659884,0.00016354846593458205,0.0020468407310545444,0.0,0.001
0.011474508792161942,0.0,0.00011284661013633013,0.00017924605344887823,0.00015944628103170544,0.0020502281840890646,0.0,0.001
0.0121562909334898,0.0,0.00011961317795794457,0.00019499041081871837,0.00015278650971595198,0.0021084363106638193,0.0,0.001
0.011424404568970203,0.0,0.00011225763591937721,0.00019689425243996084,0.00015737826470285654,0.0021504447795450687,0.0,0.001
0.011191125027835369,0.0,0.00010996680794050917,0.00018548221851233393,0.00016117865743581206,0.002111369278281927,0.0,0.001
0.012277327477931976,0.0,0.00012086667265975848,0.0001859760086517781,0.00015277824422810227,0.002128360327333212,0.0,0.001
0.011749026365578175,0.0,0.00011554495722521096,0.00018353707855567336,0.0001627710007596761,0.0021376481745392084,0.0,0.001
0.011214588768780231,0.0,0.00011015067138941959,0.00019510663696564734,0.00016163778491318226,0.0021149469539523125,0.0,0.001
0.011602277867496014,0.0,0.00011402567179175094,0.00019338331185281277,0.00016283370496239513,0.0021602343767881393,0.0,0.001
0.011772572062909603,0.0,0.0001158160885097459,0.0001725772162899375,0.00016717654943931848,0.002108626998960972,0.0,0.001
0.012091522105038166,0.0,0.00011891720350831747,0.00019323441665619612,0.00016415932623203844,0.0021104442421346903,0.0,0.001
0.011694717220962048,0.0,0.00011495112266857177,0.00018984467897098511,0.0001667804754106328,0.002129144733771682,0.0,0.001
0.012204790487885475,0.0,0.00012011550279567018,0.00018797813390847296,0.0001549695443827659,0.0021765688434243202,0.0,0.001
0.011115850880742073,0.0,0.0001092056481866166,0.00018939931760542095,0.00015773660561535507,0.0021718379575759172,0.0,0.001
0.011252081021666527,0.0,0.00011056777293561026,0.0001845253282226622,0.00016326089098583907,0.0021411501802504063,0.0,0.001
0.010974541306495667,0.0,0.00010787881183205172,0.00017793186998460442,0.00015375429939012975,0.002081779995933175,0.0,0.001
0.011008416302502155,0.0,0.0001082044473150745,0.00018352136248722672,0.00014997068501543254,0.0021225973032414913,0.0,0.001
0.010864428244531155,0.0,0.0001066902041202411,0.00018920961883850396,0.00016083619266282767,0.002038602950051427,0.0,0.001
0.011779175139963627,0.0,0.00011594199895625934,0.00017641678277868778,0.00015116487338673323,0.002118482952937484,0.0,0.001
0.012139898724853992,0.0,0.00011950430780416355,0.0001807592634577304,0.0001540182565804571,0.0022079399786889553,0.0,0.001
0.011987701989710331,0.0,0.00011794907186413184,0.0001813524286262691,0.0001617272209841758,0.002125463681295514,0.0,0.001
0.011275790631771088,0.0,0.00011093277134932578,0.00016574814799241722,0.00015673477901145816,0.002127244835719466,0.0,0.001
0.0110159981995821,0.0,0.00010820446186698973,0.00018222913786303252,0.00016658470849506557,0.0021144570782780647,0.0,0.001
0.010920826345682144,0.0,0.00010732192458817735,0.00017518384265713394,0.0001602611446287483,0.0020910711027681828,0.0,0.001
0.011536635458469391,0.0,0.00011355384049238637,0.00017488969024270773,0.00014558920520357788,0.00210115616209805,0.0,0.001
0.010835540480911732,0.0,0.00010642653069226071,0.00018179802282247692,0.00016191996110137552,0.0021028306800872087,0.0,0.001
0.01081487350165844,0.0,0.0001062109658960253,0.00019188152509741485,0.0001530826702946797,0.0021293899044394493,0.0,0.001
0.011213825084269047,0.0,0.00011024950799765065,0.0001864906953414902,0.00014774830196984112,0.002175478497520089,0.0,0.001
0.010977138765156269,0.0,0.00010796085553010926,0.00017356527678202838,0.00014585517055820674,0.0021343035623431206,0.0,0.001
0.010681373998522758,0.0,0.00010497883340576664,0.00017858261708170176,0.00014691856631543487,0.002074059098958969,0.0,0.001
0.010441131889820099,0.0,0.00010257303074467927,0.00018028811609838158,0.000145571626489982,0.0020899511873722076,0.0,0.001
0.010995176620781422,0.0,0.00010809553350554779,0.00018087358330376446,0.00014895333151798695,0.0020708960946649313,0.0,0.001
0.010737087577581406,0.0,0.00010557624773355201,0.00016596076602581888,0.00015105730562936515,0.0020953654311597347,0.0,0.001
0.011188976466655731,0.0,0.00011001997336279601,0.0001827818778110668,0.00014759754412807524,0.0021788813173770905,0.0,0.001
0.010839697904884815,0.0,0.0001065410251612775,0.00018435830133967102,0.00014410394942387938,0.002136488212272525,0.0,0.001
0.010848276317119598,0.0,0.00010665068839443848,0.00017532579659018666,0.00014951199409551919,0.0020789133850485086,0.0,0.001
0.010726691223680973,0.0,0.00010540196672081947,0.0001757217978592962,0.0001551111345179379,0.002107726875692606,0.0,0.001
0.010518820956349373,0.0,0.00010336302511859685,0.00017507493612356484,0.00014806250692345202,0.0020950017496943474,0.0,0.001
0.010595888830721378,0.0,0.00010412665142212063,0.0001744637847878039,0.00014845059195067734,0.002176604000851512,0.0,0.001
0.010398230515420437,0.0,0.00010207931336481124,0.00018073512183036655,0.00015805408474989235,0.0020904541015625,0.0,0.001
0.010573902167379856,0.0,0.00010388076771050692,0.0001727971830405295,0.0001559246302349493,0.0021465120371431112,0.0,0.001
0.01078859344124794,0.0,0.0001061030343407765,0.00017304735956713557,0.000140932752401568,0.002129963831976056,0.0,0.001
0.010581203736364841,0.0,0.00010400050086900592,0.0001684259477769956,0.0001516576885478571,0.0021110877860337496,0.0,0.001
0.010965622961521149,0.0,0.00010785512859001756,0.00016676985251251608,0.00015213785809464753,0.0020656476262956858,0.0,0.001
0.010261259973049164,0.0,0.00010078430932480842,0.00017560209380462766,0.0001489814167143777,0.0020536729134619236,0.0,0.001
0.010445810854434967,0.0,0.00010261483112117276,0.0001800485042622313,0.00014772088616155088,0.0020442537497729063,0.0,0.001
0.010510321706533432,0.0,0.0001033238077070564,0.00016545077960472554,0.00014825636753812432,0.0021086635533720255,0.0,0.001
0.01030905544757843,0.0,0.00010123441461473703,0.000178463727934286,0.0001514133036835119,0.002067666733637452,0.0,0.001
0.010580026544630527,0.0,0.00010401602776255459,0.000173328589880839,0.00014159819693304598,0.0020960045512765646,0.0,0.001
0.010374100878834724,0.0,0.00010197737719863653,0.0001677098625805229,0.0001433292927686125,0.0020842545200139284,0.0,0.001
0.010543439537286758,0.0,0.00010360273881815374,0.0001726606860756874,0.00015055009862408042,0.0021559742745012045,0.0,0.001
0.010371541604399681,0.0,0.00010189874592470005,0.00017556340026203543,0.00014595910033676773,0.0020905560813844204,0.0,0.001
0.010586051270365715,0.0,0.00010410284448880702,0.00016385690832976252,0.00014474648924078792,0.002146467799320817,0.0,0.001
0.010506023652851582,0.0,0.0001032897416735068,0.00016985557158477604,0.00014185477630235255,0.002119344426319003,0.0,0.001
0.011021647602319717,0.0,0.00010836850560735911,0.00017529362230561674,0.0001518818608019501,0.0021208974067121744,0.0,0.001
0.01058922428637743,0.0,0.0001041206342051737,0.00016471216804347932,0.00014538738469127566,0.002211109735071659,0.0,0.001
0.010668693110346794,0.0,0.00010485630627954379,0.00018045101023744792,0.00014297755842562765,0.002134890528395772,0.0,0.001
0.010402059182524681,0.0,0.0001022073338390328,0.00017365773965138942,0.00014513591304421425,0.002192902145907283,0.0,0.001
0.010100996121764183,0.0,9.921287710312754e-05,0.0001716697443043813,0.00014475209172815084,0.0021497446577996016,0.0,0.001
0.010565894655883312,0.0,0.00010392731928732246,0.00016980644431896508,0.00013378547737374902,0.0021366144064813852,0.0,0.001
0.010183235630393028,0.0,0.00010004547948483378,0.00017678769654594362,0.0001387193624395877,0.0020933831110596657,0.0,0.001
0.010425159707665443,0.0,0.00010246450256090611,0.00017165910685434937,0.00014437839854508638,0.002069072099402547,0.0,0.001
0.010401664301753044,0.0,0.00010226479935226962,0.00016406489885412157,0.00014463103434536606,0.0020836717449128628,0.0,0.001
0.010563931427896023,0.0,0.00010390367970103398,0.00016788390348665416,0.00013607759319711477,0.002158293267711997,0.0,0.001
0.01092444732785225,0.0,0.00010744344763224944,0.00017704123456496745,0.00014155714598018676,0.0020803939551115036,0.0,0.001
0.010300738736987114,0.0,0.00010122443927684799,0.00017119135009124875,0.0001422843342879787,0.002155717695131898,0.0,0.001
0.010104082524776459,0.0,9.926332859322429e-05,0.0001681672438280657,0.00014478368393611163,0.002127425977960229,0.0,0.001
0.010175079107284546,0.0,9.998197492677718e-05,0.0001590058527654037,0.00015224471280816942,0.0021255887113511562,0.0,0.001
0.01004398800432682,0.0,9.868711640592664e-05,0.00016360971494577825,0.00014572797226719558,0.0020608738996088505,0.0,0.001
0.010196556337177753,0.0,0.00010021439811680466,0.00016769312787801027,0.00014006842684466392,0.0021235295571386814,0.0,0.001
0.00987494457513094,0.0,9.696031338535249e-05,0.0001741258893162012,0.00014262634795159101,0.0020537525415420532,0.0,0.001
0.01029120571911335,0.0,0.000101108817034401,0.0001722087909001857,0.00014595550601370633,0.002124201972037554,0.0,0.001
0.010137207806110382,0.0,9.962984040612355e-05,0.0001661822898313403,0.00014009511505719274,0.002108501736074686,0.0,0.001
0.010585494339466095,0.0,0.00010408483649371192,0.00016210305329877883,0.00014857637870591134,0.002167148282751441,0.0,0.001
0.0095857884734869,0.0,9.412381768925115e-05,0.00016819538723211735,0.00013637691154144704,0.0021120409946888685,0.0,0.001
0.009857382625341415,0.0,9.677288471721113e-05,0.00017440713418181986,0.00014338221808429807,0.002119968179613352,0.0,0.001
0.010152759030461311,0.0,9.980321192415431e-05,0.00016514206072315574,0.00013648152526002377,0.002162657678127289,0.0,0.001
0.009843945503234863,0.0,9.674068132881075e-05,0.00016224283899646252,0.00013662288256455213,0.0020444460678845644,0.0,0.001
0.009710351936519146,0.0,9.54337083385326e-05,0.0001542693207738921,0.00013778192806057632,0.0020955500658601522,0.0,0.001
0.010384018532931805,0.0,0.00010205782018601894,0.00017352518625557423,0.00013966383994556963,0.002164179226383567,0.0,0.001
0.009783611632883549,0.0,9.607517858967185e-05,0.00016730283095967025,0.0001407461240887642,0.0022069120313972235,0.0,0.001
0.009911815635859966,0.0,9.738906373968348e-05,0.00016459387552458793,0.00013947382103651762,0.0020875553600490093,0.0,0.001
0.0100181195884943,0.0,9.848103945842013e-05,0.00016282238357234746,0.00013422273332253098,0.0021493250969797373,0.0,0.001
0.009836295619606972,0.0,9.657413465902209e-05,0.00016943395894486457,0.0001463596272515133,0.002098588738590479,0.0,0.001
0.009862453676760197,0.0,9.696193592390046e-05,0.00016028655227273703,0.00012972988770343363,0.0021251665893942118,0.0,0.001
0.009826738387346268,0.0,9.662166849011555e-05,0.00015270862786564976,0.00013350305380299687,0.0021465164609253407,0.0,0.001
0.009719074703752995,0.0,9.55323557718657e-05,0.0001521101366961375,0.00013734755339100957,0.0021109769586473703,0.0,0.001
0.009417213499546051,0.0,9.25251079024747e-05,0.0001542430545669049,0.00013264018343761563,0.0021260068751871586,0.0,0.001
0.009324215352535248,0.0,9.153615246759728e-05,0.0001627930614631623,0.00013551584561355412,0.002144418889656663,0.0,0.001
0.009402018040418625,0.0,9.230929572368041e-05,0.00016933426377363503,0.00013123736425768584,0.002080185804516077,0.0,0.001
0.009453946724534035,0.0,9.283344843424857e-05,0.00015819413238205016,0.00014042542898096144,0.002129174303263426,0.0,0.001
0.01023073773831129,0.0,0.000100618191936519,0.00016293559747282416,0.00013308900815900415,0.0020906240679323673,0.0,0.001
0.010055902414023876,0.0,9.883756138151512e-05,0.00016465810767840594,0.00013749732170253992,0.0021069087088108063,0.0,0.001
0.01055855955928564,0.0,0.00010390426177764311,0.00015756407810840756,0.00013569080329034477,0.002150575164705515,0.0,0.001
0.009566422551870346,0.0,9.397750545758754e-05,0.00015972366963978857,0.00013592690811492503,0.0020846636034548283,0.0,0.001
0.009983104653656483,0.0,9.814822988118976e-05,0.0001582223194418475,0.00013519299682229757,0.002157412702217698,0.0,0.001
0.009913792833685875,0.0,9.745893476065248e-05,0.00016378037980757654,0.0001294170506298542,0.002130114706233144,0.0,0.001
0.009484220296144485,0.0,9.320155368186533e-05,0.0001561555254738778,0.00013017069431953132,0.002090149326249957,0.0,0.001
0.009286759421229362,0.0,9.12122122826986e-05,0.00015921980957500637,0.00013000733451917768,0.0020924597047269344,0.0,0.001
0.009514328092336655,0.0,9.354408393846825e-05,0.00014852760068606585,0.000129806823679246,0.002075213473290205,0.0,0.001
0.009988261386752129,0.0,9.825985762290657e-05,0.00015531096141785383,0.00012772581249009818,0.0020756879821419716,0.0,0.001
0.009545640088617802,0.0,9.377445530844852e-05,0.0001575811329530552,0.0001354134874418378,0.0021696698386222124,0.0,0.001
0.009854516945779324,0.0,9.684490942163393e-05,0.00016230528126470745,0.00013645467697642744,0.0020645633339881897,0.0,0.001
0.009593317285180092,0.0,9.430105274077505e-05,0.00015427217294927686,0.00012923269241582602,0.0021460142452269793,0.0,0.001
0.009927967563271523,0.0,9.764544665813446e-05,0.0001463670196244493,0.00013831284013576806,0.0021083708852529526,0.0,0.001
0.009789499454200268,0.0,9.621267236070707e-05,0.00016210065223276615,0.00013156686327420175,0.0021399138495326042,0.0,0.001
0.009591374546289444,0.0,9.429669444216415e-05,0.00015446639736182988,0.00012569126556627452,0.0021625880617648363,0.0,0.001
0.009557051584124565,0.0,9.396326640853658e-05,0.0001556975912535563,0.00012383009016048163,0.0020960120018571615,0.0,0.001
0.009622433222830296,0.0,9.457262058276683e-05,0.00015641216305084527,0.00013186672003939748,0.00210317294113338,0.0,0.001
0.009928887709975243,0.0,9.765019058249891e-05,0.0001534873736090958,0.0001308289502048865,0.0021710945293307304,0.0,0.001
0.009470874443650246,0.0,9.307061554864049e-05,0.0001549911976326257,0.0001294850662816316,0.002157525857910514,0.0,0.001
0.009610176086425781,0.0,9.441517613595352e-05,0.00016037086606957018,0.00013557689089793712,0.002068562898784876,0.0,0.001
0.009409558027982712,0.0,9.247528214473277e-05,0.00014731407281942666,0.00013472483260557055,0.0021009640768170357,0.0,0.001
0.009765311144292355,0.0,9.603840589988977e-05,0.00014587237092200667,0.00013418783782981336,0.002143958117812872,0.0,0.001
0.009107501246035099,0.0,8.948679897002876e-05,0.00014955057122278959,0.00012630583660211414,0.0020893511828035116,0.0,0.001
0.00942290760576725,0.0,9.2615548055619e-05,0.00015274557517841458,0.0001275848044315353,0.0021186601370573044,0.0,0.001
0.009536494500935078,0.0,9.372070053359494e-05,0.00015328708104789257,0.00013334800314623863,0.002110638190060854,0.0,0.001
0.009315960109233856,0.0,9.151773701887578e-05,0.00015395985974464566,0.00013296784891281277,0.002072236267849803,0.0,0.001
0.009234675206243992,0.0,9.076990681933239e-05,0.00015232722216751426,0.00012080628948751837,0.0021118042059242725,0.0,0.001
0.009050565771758556,0.0,8.884312410373241e-05,0.00015588630049023777,0.00013441422197502106,0.002110281027853489,0.0,0.001
0.009843968786299229,0.0,9.679136564955115e-05,0.0001530521403765306,0.00013324012979865074,0.00216858577914536,0.0,0.001
0.00895334966480732,0.0,8.792592416284606e-05,0.00014989555347710848,0.000129804466268979,0.002090709051117301,0.0,0.001
0.009473874233663082,0.0,9.314099588664249e-05,0.00014446795103140175,0.00013380653399508446,0.002063747262582183,0.0,0.001
0.008992934599518776,0.0,8.83653701748699e-05,0.00014824849495198578,0.0001223589788423851,0.0021094917319715023,0.0,0.001
0.00918611604720354,0.0,9.022741141961887e-05,0.00015878851991146803,0.00012553152919281274,0.0021214319858700037,0.0,0.001
0.009347870014607906,0.0,9.190058335661888e-05,0.00014740780170541257,0.00012583057105075568,0.0021191786509007215,0.0,0.001
0.0091322036460042,0.0,8.97105855983682e-05,0.00015223411901388317,0.0001275916729355231,0.002123239217326045,0.0,0.001
0.0097762830555439,0.0,9.6146970463451e-05,0.00015625933883711696,0.00012481394514907151,0.0021049492061138153,0.0,0.001
0.009129481390118599,0.0,8.968270412879065e-05,0.00015531126700807363,0.00012348209565971047,0.0021814624778926373,0.0,0.001
0.0091097978875041,0.0,8.951242489274591e-05,0.0001477941987104714,0.00012546429934445769,0.002192675368860364,0.0,0.001
0.009454288519918919,0.0,9.293117182096466e-05,0.00015475149848498404,0.00012513714318629354,0.002122649224475026,0.0,0.001
0.009347942657768726,0.0,9.189113916363567e-05,0.00014827254926785827,0.00012644907110370696,0.002146756276488304,0.0,0.001
0.008684405125677586,0.0,8.526461897417903e-05,0.00014724611537531018,0.00012685042747762054,0.0020895125344395638,0.0,0.001
0.009563243947923183,0.0,9.400963608641177e-05,0.00015019855345599353,0.00013124944234732538,0.0021556750871241093,0.0,0.001
0.009420117363333702,0.0,9.261833474738523e-05,0.00014904863201081753,0.0001247027685167268,0.0021408090833574533,0.0,0.001
0.009451376274228096,0.0,9.29516609176062e-05,0.00014903898409102112,0.00012131300900364295,0.0021033487282693386,0.0,0.001
0.009068168699741364,0.0,8.90548835741356e-05,0.0001540604280307889,0.00012708526628557593,0.0022108035627752542,0.0,0.001
0.00878809578716755,0.0,8.628732030047104e-05,0.00014914345229044557,0.00012654236343223602,0.0021521153394132853,0.0,0.001
0.008845936506986618,0.0,8.695032011019066e-05,0.00014155339158605784,0.00011694306886056438,0.002165614627301693,0.0,0.001
0.008802496828138828,0.0,8.647897629998624e-05,0.00014495082723442465,0.00012273584434296936,0.002075678203254938,0.0,0.001
0.009247471578419209,0.0,9.089616651181132e-05,0.00014949034084565938,0.00012435167445801198,0.0020933696068823338,0.0,0.001
0.008883308619260788,0.0,8.722910570213571e-05,0.00015249649004545063,0.0001256914547411725,0.002130412496626377,0.0,0.001
0.009261340834200382,0.0,9.100970055442303e-05,0.00015559495659545064,0.00012255043839104474,0.002129869069904089,0.0,0.001
0.009066080674529076,0.0,8.909693860914558e-05,0.00014915257634129375,0.00012121770123485476,0.0021201884374022484,0.0,0.001
0.00896462332457304,0.0,8.807684935163707e-05,0.00015388520841952413,0.00011834032193291932,0.00208258256316185,0.0,0.001
0.00878933910280466,0.0,8.632590470369905e-05,0.0001480325881857425,0.00012380664702504873,0.002083001658320427,0.0,0.001
0.008498627692461014,0.0,8.34673919598572e-05,0.0001396985462633893,0.0001205321095767431,0.0021773234475404024,0.0,0.001
0.008731166832149029,0.0,8.580567373428494e-05,0.00014316188753582537,0.000115138893306721,0.0021449485793709755,0.0,0.001
0.009336402639746666,0.0,9.179361950373277e-05,0.00014948258467484266,0.0001224186271429062,0.0021090121008455753,0.0,0.001
0.00887848250567913,0.0,8.718027675058693e-05,0.00015429669292643666,0.0001235208474099636,0.002154575427994132,0.0,0.001
0.008878829888999462,0.0,8.72600867296569e-05,0.00014425194240175188,0.00011895017814822495,0.002122017089277506,0.0,0.001
0.008694455027580261,0.0,8.540601993445307e-05,0.0001412639394402504,0.0001252271031262353,0.002060747006908059,0.0,0.001
0.008931920863687992,0.0,8.778613118920475e-05,0.0001410824479535222,0.00012303759285714477,0.0021248427219688892,0.0,0.001
0.008890406228601933,0.0,8.731314301257953e-05,0.00015484679897781461,0.00012034372775815427,0.002149678999558091,0.0,0.001
0.008812615647912025,0.0,8.657515718368813e-05,0.0001420871412847191,0.00012589216930791736,0.002110982546582818,0.0,0.001
0.008233330212533474,0.0,8.08053373475559e-05,0.00014814278983976692,0.00011510719923535362,0.002117109950631857,0.0,0.001
0.008570919744670391,0.0,8.411783346673474e-05,0.00015109518426470459,0.0001240114215761423,0.0021582716144621372,0.0,0.001
0.008307013660669327,0.0,8.150604844558984e-05,0.00014487696171272546,0.00012601866910699755,0.0020961177069693804,0.0,0.001
0.00837797299027443,0.0,8.221949974540621e-05,0.00014676994760520756,0.00012212418369017541,0.002157456474378705,0.0,0.001
0.008888025768101215,0.0,8.731359412195161e-05,0.00015199193148873746,0.00011873255425598472,0.0021304378751665354,0.0,0.001
0.009642913937568665,0.0,9.493417019257322e-05,0.00013312949158716947,0.00012160710321040824,0.002212895080447197,0.0,0.001
0.008468291722238064,0.0,8.314106526086107e-05,0.00014554572408087552,0.00012038384011248127,0.002121995436027646,0.0,0.001
0.008488419465720654,0.0,8.341355714946985e-05,0.00013521863729692996,0.00011665630881907418,0.0021126882638782263,0.0,0.001
0.008613797836005688,0.0,8.465971768600866e-05,0.00013721540744882077,0.00011730413825716823,0.002056598197668791,0.0,0.001
0.008452601730823517,0.0,8.300491026602685e-05,0.0001466888643335551,0.0001153278280980885,0.002110245870426297,0.0,0.001
0.008737663738429546,0.0,8.583765156799927e-05,0.00014435910270549357,0.00011994040687568486,0.0021748377475887537,0.0,0.001
0.008580241352319717,0.0,8.425927808275446e-05,0.00014697384904138744,0.00011982593423454091,0.002091343980282545,0.0,0.001
0.008710277266800404,0.0,8.560024434700608e-05,0.00014306721277534962,0.00011551483476068825,0.0020961130503565073,0.0,0.001
